https://cellphones.com.vn/, 2025-08-13 22:43:19.185066
https://cellphones.com.vn/phu-kien/camera/gimbal.html, 2025-08-13 22:43:19.305864
https://cellphones.com.vn/xiaomi-redmi-pad-se.html, 2025-08-13 22:43:19.433170
https://cellphones.com.vn/may-anh.html, 2025-08-13 22:43:19.450623
https://cellphones.com.vn/tablet/ipad.html, 2025-08-13 22:43:19.470112
https://cellphones.com.vn/hang-cu/mac.html, 2025-08-13 22:43:19.484825
https://cellphones.com.vn/may-tinh-bang-samsung-galaxy-tab-s10-ultra-5g.html, 2025-08-13 22:43:19.494688
https://cellphones.com.vn/phu-kien/pin-du-phong.html, 2025-08-13 22:43:19.508667
https://cellphones.com.vn/hang-cu/dong-ho-thong-minh.html, 2025-08-13 22:43:19.528632
https://cellphones.com.vn/hang-cu/dien-thoai.html, 2025-08-13 22:43:19.552930
https://cellphones.com.vn/samsung-galaxy-tab-s9-wifi-12gb-256gb.html, 2025-08-13 22:43:19.560452
https://cellphones.com.vn/phu-kien.html, 2025-08-13 22:43:19.569098
https://cellphones.com.vn/thiet-bi-am-thanh/micro-thu-am.html, 2025-08-13 22:43:19.585654
https://cellphones.com.vn/may-tinh-bang-xiaomi-pad-7-pro.html, 2025-08-13 22:43:19.592310
https://cellphones.com.vn/mobile/apple/iphone-15.html, 2025-08-13 22:43:19.609539
https://cellphones.com.vn/do-gia-dung.html, 2025-08-13 22:43:19.622907
https://cellphones.com.vn/mobile/samsung/galaxy-z/z7-series.html, 2025-08-13 22:43:19.688805
https://cellphones.com.vn/flycam.html, 2025-08-13 22:43:19.749067
https://cellphones.com.vn/sim-3g-4g-nghe-goi.html, 2025-08-13 22:43:19.765422
https://cellphones.com.vn/linh-kien/tan-nhiet.html, 2025-08-13 22:43:19.775907
https://cellphones.com.vn/phu-kien/sac-dien-thoai.html, 2025-08-13 22:43:19.806377
https://cellphones.com.vn/phu-kien/gaming-gear.html, 2025-08-13 22:43:19.820182
https://cellphones.com.vn/dien-thoai-samsung-galaxy-a06.html, 2025-08-13 22:43:19.829815
https://cellphones.com.vn/laptop/acer.html, 2025-08-13 22:43:19.844595
https://cellphones.com.vn/hang-cu/phu-kien/cap-sac.html, 2025-08-13 22:43:19.860215
https://cellphones.com.vn/dien-thoai-xiaomi-redmi-note-13-pro-5g-8gb-256gb.html, 2025-08-13 22:43:19.867575
https://cellphones.com.vn/do-choi-cong-nghe.html, 2025-08-13 22:43:19.893711
https://cellphones.com.vn/phu-kien/bao-da-op-lung.html, 2025-08-13 22:43:19.927719
https://cellphones.com.vn/tivi/samsung.html, 2025-08-13 22:43:19.942732
https://cellphones.com.vn/hang-cu/loa.html, 2025-08-13 22:43:19.973367
https://cellphones.com.vn/mobile.html, 2025-08-13 22:43:19.998473
https://cellphones.com.vn/hang-cu/tai-nghe.html, 2025-08-13 22:43:20.019162
https://cellphones.com.vn/linh-kien/cpu.html, 2025-08-13 22:43:20.030597
https://cellphones.com.vn/phu-kien/balo-tui-chong-soc-laptop.html, 2025-08-13 22:43:20.041480
https://cellphones.com.vn/samsung-galaxy-tab-a9-plus.html, 2025-08-13 22:43:20.051151
https://cellphones.com.vn/phu-kien/chuot-ban-phim-may-tinh.html, 2025-08-13 22:43:20.104333
https://cellphones.com.vn/dien-thoai-samsung-galaxy-a06-5g.html, 2025-08-13 22:43:20.112445
https://cellphones.com.vn/may-tinh-de-ban/lap-rap.html, 2025-08-13 22:43:20.137015
https://cellphones.com.vn/dien-thoai-samsung-galaxy-a16-lte.html, 2025-08-13 22:43:20.147164
https://cellphones.com.vn/samsung-galaxy-tab-s6-lite.html, 2025-08-13 22:43:20.159494
https://cellphones.com.vn/hang-cu/laptop.html, 2025-08-13 22:43:20.180898
https://cellphones.com.vn/may-tinh-bang-samsung-galaxy-tab-s10-plus-5g.html, 2025-08-13 22:43:20.218680
https://cellphones.com.vn/laptop/hp.html, 2025-08-13 22:43:20.237166
https://cellphones.com.vn/hang-cu/may-tinh-bang.html, 2025-08-13 22:43:20.256917
https://cellphones.com.vn/dien-thoai-samsung-galaxy-s25-ultra.html, 2025-08-13 22:43:20.269274
https://cellphones.com.vn/phu-kien/apple.html, 2025-08-13 22:43:20.288754
https://cellphones.com.vn/tivi/lg.html, 2025-08-13 22:43:20.302524
https://cellphones.com.vn/dien-thoai-samsung-galaxy-s24-fe.html, 2025-08-13 22:43:20.320325
https://cellphones.com.vn/linh-kien/mainboard-bo-mach-chu.html, 2025-08-13 22:43:20.332903
https://cellphones.com.vn/samsung-galaxy-s24-plus.html, 2025-08-13 22:43:20.342304
https://cellphones.com.vn/phu-kien/sac-dien-thoai/cap-chuyen-doi-dau-chuyen-doi-macbook.html, 2025-08-13 22:43:20.358129
https://cellphones.com.vn/tivi.html, 2025-08-13 22:43:20.384321
https://cellphones.com.vn/phu-kien/phu-kien-tien-ich.html, 2025-08-13 22:43:20.395251
https://cellphones.com.vn/phu-kien/the-nho-usb-otg.html, 2025-08-13 22:43:20.420453
https://cellphones.com.vn/dien-thoai-oppo-reno14-f.html, 2025-08-13 22:43:20.442258
https://cellphones.com.vn/mobile/apple/iphone-16.html, 2025-08-13 22:43:20.457133
https://cellphones.com.vn/mobile/samsung.html, 2025-08-13 22:43:20.479988
https://cellphones.com.vn/laptop/dell.html, 2025-08-13 22:43:20.495742
https://cellphones.com.vn/hang-cu.html, 2025-08-13 22:43:20.513317
https://cellphones.com.vn/man-hinh.html, 2025-08-13 22:43:20.535594
https://cellphones.com.vn/may-tinh-bang-xiaomi-redmi-pad-pro.html, 2025-08-13 22:43:20.554507
https://cellphones.com.vn/phu-kien/camera.html, 2025-08-13 22:43:20.613621
https://cellphones.com.vn/tivi/sony.html, 2025-08-13 22:43:20.627437
https://cellphones.com.vn/hang-cu/do-gia-dung.html, 2025-08-13 22:43:20.644564
https://cellphones.com.vn/phu-kien/may-tinh-laptop.html, 2025-08-13 22:43:20.669150
https://cellphones.com.vn/dien-thoai-samsung-galaxy-s25-ultra-512gb.html, 2025-08-13 22:43:20.675777
https://cellphones.com.vn/phu-kien/thiet-bi-mang.html, 2025-08-13 22:43:20.693201
https://cellphones.com.vn/dien-thoai-samsung-galaxy-m55-5g-8gb-256gb.html, 2025-08-13 22:43:20.700167
https://cellphones.com.vn/dien-thoai-vivo-y19s.html, 2025-08-13 22:43:20.706513
https://cellphones.com.vn/may-in.html, 2025-08-13 22:43:20.720508
https://cellphones.com.vn/mobile/oppo.html, 2025-08-13 22:43:20.753721
https://cellphones.com.vn/may-tinh-de-ban/build-pc.html, 2025-08-13 22:43:20.768193
https://cellphones.com.vn/linh-kien/vo-case-may-tinh.html, 2025-08-13 22:43:20.818123
https://cellphones.com.vn/phu-kien/dan-man-hinh.html, 2025-08-13 22:43:20.835237
https://cellphones.com.vn/dien-thoai-samsung-galaxy-a56.html, 2025-08-13 22:43:20.843080
https://cellphones.com.vn/hang-cu/man-hinh.html, 2025-08-13 22:43:20.857667
https://cellphones.com.vn/dien-thoai-samsung-galaxy-a36.html, 2025-08-13 22:43:20.866479
https://cellphones.com.vn/tai-nghe-khong-day-xiaomi-redmi-buds-6.html, 2025-08-13 22:43:20.878205
https://cellphones.com.vn/mobile/apple.html, 2025-08-13 22:43:20.894608
https://cellphones.com.vn/may-tinh-de-ban.html, 2025-08-13 22:43:20.911604
https://cellphones.com.vn/dien-thoai-samsung-galaxy-a26.html, 2025-08-13 22:43:20.931304
https://cellphones.com.vn/laptop.html, 2025-08-13 22:43:20.977080
https://cellphones.com.vn/hang-cu/phu-kien.html, 2025-08-13 22:43:21.011510
https://cellphones.com.vn/hang-cu/tivi.html, 2025-08-13 22:43:21.030476
https://cellphones.com.vn/linh-kien/o-cung.html, 2025-08-13 22:43:21.040993
https://cellphones.com.vn/linh-kien/ram.html, 2025-08-13 22:43:21.056202
https://cellphones.com.vn/mobile/xiaomi.html, 2025-08-13 22:43:21.082741
https://cellphones.com.vn/iphone-16-pro-max.html, 2025-08-13 22:43:21.090291
https://cellphones.com.vn/linh-kien/nguon-may-tinh-psu.html, 2025-08-13 22:43:21.102393
https://cellphones.com.vn/may-tinh-bang-samsung-galaxy-tab-s10-plus-wifi.html, 2025-08-13 22:43:21.113741
https://cellphones.com.vn/laptop/mac.html, 2025-08-13 22:43:21.127798
https://cellphones.com.vn/samsung-galaxy-tab-s9-12gb-256gb.html, 2025-08-13 22:43:21.140045
https://cellphones.com.vn/hang-cu/phu-kien/sac-du-phong.html, 2025-08-13 22:43:21.152914
https://cellphones.com.vn/tablet.html, 2025-08-13 22:43:21.176260
https://cellphones.com.vn/thiet-bi-am-thanh.html, 2025-08-13 22:43:21.183618
https://cellphones.com.vn/dien-thoai-tecno-pova-7.html, 2025-08-13 22:43:21.194162
https://cellphones.com.vn/linh-kien.html, 2025-08-13 22:43:21.225390
https://cellphones.com.vn/may-tinh-bang-samsung-galaxy-tab-s10-ultra-wifi.html, 2025-08-13 22:43:21.233658
https://cellphones.com.vn/linh-kien/card-man-hinh-vga.html, 2025-08-13 22:43:21.251686
https://cellphones.com.vn/may-tinh-bang-xiaomi-pad-7.html, 2025-08-13 22:43:21.259229
https://cellphones.com.vn/nha-thong-minh/may-hut-bui.html, 2025-08-13 22:43:21.393887
https://cellphones.com.vn/may-tinh-bang-lenovo-tab-plus-wifi-zadx0130vn.html, 2025-08-13 22:43:21.406565
https://cellphones.com.vn/samsung-galaxy-z-fold-6.html, 2025-08-13 22:43:22.323637
https://cellphones.com.vn/apple-ipad-air-m3.html, 2025-08-13 22:43:22.444826
https://cellphones.com.vn/iphone-16-pro-max-512gb.html, 2025-08-13 22:43:22.452817
https://cellphones.com.vn/ipad-a16-11-inch-5g.html, 2025-08-13 22:43:22.461416
https://cellphones.com.vn/iphone-15-256gb.html, 2025-08-13 22:43:22.472644
https://cellphones.com.vn/nha-thong-minh/can-dien-tu.html, 2025-08-13 22:43:22.488790
https://cellphones.com.vn/smart-tivi-lg-nanocell-55nano81tsa-4k-55-inch-2024.html, 2025-08-13 22:43:22.498106
https://cellphones.com.vn/laptop-lenovo-ideapad-slim-5-15arp10-83j3002svn-cu-dkh.html, 2025-08-13 22:43:22.549703
https://cellphones.com.vn/pc-cps-gaming-amd-r565-kem-man-hinh.html, 2025-08-13 22:43:22.584774
https://cellphones.com.vn/phu-kien/sac-dien-thoai/mophie.html, 2025-08-13 22:43:22.627171
https://cellphones.com.vn/linh-kien/o-cung/hop-dung-o-cung.html, 2025-08-13 22:43:22.735275
https://cellphones.com.vn/laptop-acer-aspire-lite-gen-2-al14-52m-32kv.html, 2025-08-13 22:43:22.962633
https://cellphones.com.vn/laptop-hp-245-g10-b8pf8at.html, 2025-08-13 22:43:22.974646
https://cellphones.com.vn/tivi/lg/42-inch.html, 2025-08-13 22:43:23.048950
https://cellphones.com.vn/apple-airpods-3-cu-tray-xuoc.html, 2025-08-13 22:43:23.105610
https://cellphones.com.vn/nguon-may-tinh-xigmatek-x-power-iii-500-450w.html, 2025-08-13 22:43:23.119088
https://cellphones.com.vn/cpu-intel-core-i5-13400f.html, 2025-08-13 22:43:23.343475
https://cellphones.com.vn/may-tinh-pc-mini-asus-nuc-13th-arena-canyon.html, 2025-08-13 22:43:23.363081
https://cellphones.com.vn/tan-nhiet-bo-3-fan-xigmatek-starlink-ultra-arctic-a-rgb.html, 2025-08-13 22:43:23.368896
https://cellphones.com.vn/may-quay-chong-rung-dji-osmo-pocket-3-advanced-4k.html, 2025-08-13 22:43:23.437040
https://cellphones.com.vn/hang-cu/phu-kien/ban-phim.html, 2025-08-13 22:43:23.486173
https://cellphones.com.vn/dong-ho-thong-minh-samsung-galaxy-watch-8.html, 2025-08-13 22:43:23.496782
https://cellphones.com.vn/linh-kien/ram/8gb.html, 2025-08-13 22:43:23.523976
https://cellphones.com.vn/phu-kien/may-tinh-laptop/webcam.html, 2025-08-13 22:43:23.600135
https://cellphones.com.vn/vga-msi-geforce-rtx-3060-ventus-2x-12g-oc.html, 2025-08-13 22:43:23.624987
https://cellphones.com.vn/linh-kien/card-man-hinh-vga/nvidia.html, 2025-08-13 22:43:23.697014
https://cellphones.com.vn/cap-hdmi-2-0-orico-5-met-cu.html, 2025-08-13 22:43:23.705369
https://cellphones.com.vn/nha-thong-minh/may-hut-bui/robot-hut-bui/ecovacs.html, 2025-08-13 22:43:23.784104
https://cellphones.com.vn/may-hut-bui-lau-nha-cam-tay-roborock-f25-morph.html, 2025-08-13 22:43:23.792273
https://cellphones.com.vn/phu-kien/sac-dien-thoai/combo-sac-cap.html, 2025-08-13 22:43:23.807786
https://cellphones.com.vn/laptop/asus/vivobook.html, 2025-08-13 22:43:23.826312
https://cellphones.com.vn/do-choi-cong-nghe/imoo.html, 2025-08-13 22:43:23.835434
https://cellphones.com.vn/dien-thoai-samsung-galaxy-s25.html, 2025-08-13 22:43:23.849436
https://cellphones.com.vn/mobile/asus.html, 2025-08-13 22:43:23.881634
https://cellphones.com.vn/pin-sac-du-phong-stargo-star-x1-lite-10000mah-10w.html, 2025-08-13 22:43:23.896448
https://cellphones.com.vn/may-anh-fujifilm-instax-mini-evo.html, 2025-08-13 22:43:23.907235
https://cellphones.com.vn/oppo-a78.html, 2025-08-13 22:43:23.920681
https://cellphones.com.vn/hang-cu/mac/mac-mini.html, 2025-08-13 22:43:23.932628
https://cellphones.com.vn/may-in-phun-mau-hp-smart-tank-580-da-chuc-nang.html, 2025-08-13 22:43:23.989370
https://cellphones.com.vn/samsung-galaxy-s24-ultra.html, 2025-08-13 22:43:24.024992
https://cellphones.com.vn/robot-hut-bui-xiaomi-vacuum-s40c.html, 2025-08-13 22:43:24.158965
https://cellphones.com.vn/the-nho-micro-sdxc-sandisk-extreme-pro-v30-a2-64gb-200mbs.html, 2025-08-13 22:43:24.268047
https://cellphones.com.vn/may-in-laser-brother-dcp-b7640dw.html, 2025-08-13 22:43:24.514928
https://cellphones.com.vn/phu-kien/thiet-bi-mang/bo-kich-song-wifi.html, 2025-08-13 22:43:24.614121
https://cellphones.com.vn/mobile/inoi.html, 2025-08-13 22:43:24.641718
https://cellphones.com.vn/loa-bluetooth-jbl-flip-6-cu.html, 2025-08-13 22:43:24.651756
https://cellphones.com.vn/google-tivi-uhd-tcl-43p79b-4k-43-inch-cu.html, 2025-08-13 22:43:24.677604
https://cellphones.com.vn/linh-kien/mainboard-bo-mach-chu/asus.html, 2025-08-13 22:43:24.699482
https://cellphones.com.vn/nguon-may-tinh-jetek-mw650-v2-650w.html, 2025-08-13 22:43:24.710184
https://cellphones.com.vn/laptop-hp-15-fc0086au-a6vv9pa.html, 2025-08-13 22:43:24.740097
https://cellphones.com.vn/samsung-galaxy-tab-s9-wifi-12gb-256gb-da-kich-hoat.html, 2025-08-13 22:43:24.747352
https://cellphones.com.vn/iphone-13.html, 2025-08-13 22:43:24.777672
https://cellphones.com.vn/pin-sac-du-phong-golf-g80c-10000mah-cu.html, 2025-08-13 22:43:24.811731
https://cellphones.com.vn/macbook-air-15-inch-m2-2023-8gb-256gb-cu-dep.html, 2025-08-13 22:43:24.895856
https://cellphones.com.vn/cu-sac-nhanh-ugreen-robot-3-cong-usb-c-to-usb-a-gan-65w-11570-cu.html, 2025-08-13 22:43:25.060552
https://cellphones.com.vn/imac-m4-2024-24-inch-10cpu-10gpu-16gb-256gb.html, 2025-08-13 22:43:25.121325
https://cellphones.com.vn/phu-kien/apple/airtag.html, 2025-08-13 22:43:25.157292
https://cellphones.com.vn/bao-da-samsung-galaxy-z-fold-6-kem-s-pen.html, 2025-08-13 22:43:25.244955
https://cellphones.com.vn/may-in/muc-in.html, 2025-08-13 22:43:25.408438
https://cellphones.com.vn/o-cung-di-dong-ssd-transcend-esd310c-1050mbs-256gb.html, 2025-08-13 22:43:25.427508
https://cellphones.com.vn/case-may-tinh-edra-ecs1105-m-atx.html, 2025-08-13 22:43:25.476820
https://cellphones.com.vn/ong-kinh-may-anh-lens-sony-fe-35mm-f1-8.html, 2025-08-13 22:43:25.493532
https://cellphones.com.vn/o-cung-di-dong-ssd-transcend-esd310s-1050mbs-512gb.html, 2025-08-13 22:43:25.520427
https://cellphones.com.vn/tai-nghe-khong-day-anker-soundcore-r50i-nc-cu.html, 2025-08-13 22:43:25.541079
https://cellphones.com.vn/robot-hut-bui-xiaomi-x20-pro.html, 2025-08-13 22:43:25.573621
https://cellphones.com.vn/tai-nghe-khong-day-jbl-live-pro-2-cu.html, 2025-08-13 22:43:25.860178
https://cellphones.com.vn/fujifilm-instax-mini-single-pack-10.html, 2025-08-13 22:43:26.705613
