https://fptshop.com.vn/, 2025-08-17 12:20:16.100808
https://fptshop.com.vn/may-tinh-xach-tay/msi-gaming-crosshair-16-hx-d2xwfkg-036vn-u7-255hx, 2025-08-17 12:20:17.202527
https://fptshop.com.vn/may-tinh-xach-tay/asus-vivobook-15-oled-a1505va-ma466w-i5-13500h?sku=00908882, 2025-08-17 12:20:17.442510
https://fptshop.com.vn/may-tinh-xach-tay/asus-tuf-gaming-fx507zc4-hn095w-i5-12500h?sku=00883758, 2025-08-17 12:20:17.456245
https://fptshop.com.vn/dien-thoai/samsung-galaxy-z-fold6, 2025-08-17 12:20:17.773295
https://fptshop.com.vn/may-tinh-xach-tay/hp-14s-em0086au-r5-7520u, 2025-08-17 12:20:17.811447
https://fptshop.com.vn/dien-thoai/samsung-galaxy-a06, 2025-08-17 12:20:18.644040
https://fptshop.com.vn/dien-thoai/oppo-a3, 2025-08-17 12:20:18.674067
https://fptshop.com.vn/may-tinh-xach-tay/hp-envy-x360-14-fc0153tu-ultra-7-155uay8v4pa, 2025-08-17 12:20:19.171729
https://fptshop.com.vn/may-tinh-xach-tay/asus-vivobook-x1404va-nk394w-i3-1315u, 2025-08-17 12:20:19.226371
https://fptshop.com.vn/may-tinh-xach-tay/dell-inspiron-15-3520-i5-1235u?sku=00916140, 2025-08-17 12:20:19.475303
https://fptshop.com.vn/dien-thoai, 2025-08-17 12:20:19.725816
https://fptshop.com.vn/may-tinh-xach-tay/lenovo-ideapad-slim-3-14irh10-83k00008vn, 2025-08-17 12:20:19.838215
https://fptshop.com.vn/may-tinh-xach-tay/msi-gaming-katana-15-b13udxk-2411vn-i7-13620h?sku=00919042, 2025-08-17 12:20:19.942762
https://fptshop.com.vn/may-tinh-xach-tay/lenovo-ideapad-slim-3-14irh10-83k00007vn, 2025-08-17 12:20:20.395939
https://fptshop.com.vn/may-tinh-xach-tay/msi-gaming-katana-15-b13udxk-2410vn-i5-13420h?sku=00919041, 2025-08-17 12:20:20.703117
https://fptshop.com.vn/may-tinh-xach-tay/dell-inspiron-15-3520-i5-1235u-71061229, 2025-08-17 12:20:20.840028
https://fptshop.com.vn/may-tinh-xach-tay/hp-gaming-victus-16-s0173ax-r5-7640hs-a9lg9pa?sku=00910671, 2025-08-17 12:20:20.899956
https://fptshop.com.vn/may-tinh-xach-tay/asus-vivobook-e1504fa-nj454w, 2025-08-17 12:20:21.055105
https://fptshop.com.vn/dien-thoai/iphone-15-pro-max-256gb?sku=00904369, 2025-08-17 12:20:21.470153
https://fptshop.com.vn/may-tinh-xach-tay/dell-inspiron-15-3520-i5-1235u-i5u165w11slu-hs24?sku=00917874, 2025-08-17 12:20:22.420926
https://fptshop.com.vn/may-tinh-xach-tay/hp, 2025-08-17 12:20:22.792416
https://fptshop.com.vn/dien-thoai/iphone-15-series, 2025-08-17 12:20:22.798370
https://fptshop.com.vn/dien-thoai/dien-thoai-5g, 2025-08-17 12:20:22.832354
https://fptshop.com.vn/dien-thoai/samsung, 2025-08-17 12:20:23.092194
https://fptshop.com.vn/dien-thoai/apple-iphone, 2025-08-17 12:20:23.173688
https://fptshop.com.vn/dien-thoai/xiaomi-poco-x7, 2025-08-17 12:20:23.213853
https://fptshop.com.vn/dien-thoai/xiaomi-14t-pro-12gb-1tb, 2025-08-17 12:20:23.332569
https://fptshop.com.vn/may-tinh-xach-tay/hp-victus, 2025-08-17 12:20:23.353024
https://fptshop.com.vn/may-tinh-xach-tay/msi/msi-gaming-katana-sword-crosshair, 2025-08-17 12:20:23.673293
https://fptshop.com.vn/dien-thoai/oppo, 2025-08-17 12:20:23.686424
https://fptshop.com.vn/dien-thoai/tecno-pova-7, 2025-08-17 12:20:23.793392
https://fptshop.com.vn/dien-thoai/iphone-16-plus, 2025-08-17 12:20:23.868186
https://fptshop.com.vn/may-tinh-xach-tay/hp-1415-14s15s, 2025-08-17 12:20:23.955410
https://fptshop.com.vn/may-tinh-xach-tay/hp-envy, 2025-08-17 12:20:24.003163
https://fptshop.com.vn/may-tinh-xach-tay/msi, 2025-08-17 12:20:24.093681
https://fptshop.com.vn/may-tinh-xach-tay/asus-vivobook, 2025-08-17 12:20:24.182553
https://fptshop.com.vn/dien-thoai/xiaomi-redmi-13x, 2025-08-17 12:20:24.230431
https://fptshop.com.vn/dien-thoai/ai, 2025-08-17 12:20:24.286160
https://fptshop.com.vn/may-tinh-xach-tay/asus, 2025-08-17 12:20:24.511078
https://fptshop.com.vn/dien-thoai/dien-thoai-gaming, 2025-08-17 12:20:24.577287
https://fptshop.com.vn/may-tinh-xach-tay/msi-prestige, 2025-08-17 12:20:25.041500
https://fptshop.com.vn/dien-thoai/galaxy-m-series, 2025-08-17 12:20:25.553005
https://fptshop.com.vn/may-tinh-xach-tay/hp-gaming-victus-16-r0367tx-i7-13700hx-ay8y0pa, 2025-08-17 12:20:25.736508
https://fptshop.com.vn/may-tinh-xach-tay/msi-gaming-katana-15-b13vfk-676vn-i7-13620h, 2025-08-17 12:20:25.832988
https://fptshop.com.vn/dien-thoai/iphone-15-plus, 2025-08-17 12:20:25.884365
https://fptshop.com.vn/may-tinh-xach-tay/msi-gaming-katana-15-b13udxk-2411vn-i7-13620h, 2025-08-17 12:20:25.967477
https://fptshop.com.vn/dien-thoai/oppo-find-x8, 2025-08-17 12:20:26.825124
https://fptshop.com.vn/may-tinh-xach-tay/hp-gaming-victus-16-r0369tx-i7-13700hx-ay8y2pa, 2025-08-17 12:20:26.832064
https://fptshop.com.vn/dien-thoai/realme-13-plus-5g, 2025-08-17 12:20:26.986942
https://fptshop.com.vn/dien-thoai/galaxy-ai, 2025-08-17 12:20:27.165961
https://fptshop.com.vn/may-tinh-xach-tay/asus-vivobook-x1502va-bq885w-i5-13420h, 2025-08-17 12:20:27.236396
https://fptshop.com.vn/dien-thoai/iphone-16e, 2025-08-17 12:20:27.850258
https://fptshop.com.vn/may-tinh-xach-tay/hp-14-ep0220tu-i3-1315u-b73vwpa, 2025-08-17 12:20:27.889450
https://fptshop.com.vn/may-tinh-xach-tay/msi-gaming-katana-15hx-b14wek-027vn-i7-14650hx, 2025-08-17 12:20:28.169918
https://fptshop.com.vn/may-tinh-xach-tay/hp-15-fc0089au-a94xwpa-r7-7730u, 2025-08-17 12:20:28.198298
https://fptshop.com.vn/may-tinh-xach-tay/hp-gaming-victus-15-fa2731tx-i5-13420h-b85lnpa, 2025-08-17 12:20:28.250359
https://fptshop.com.vn/may-tinh-xach-tay/hp-probook, 2025-08-17 12:20:28.469378
https://fptshop.com.vn/dien-thoai/xiaomi-poco-m6-pro-8gb, 2025-08-17 12:20:28.766766
https://fptshop.com.vn/dien-thoai/samsung-galaxy-a16, 2025-08-17 12:20:28.811541
https://fptshop.com.vn/may-tinh-xach-tay/asus-vivobook-gaming-k3605vc-rp431w-i5-13420h, 2025-08-17 12:20:29.893284
https://fptshop.com.vn/may-tinh-xach-tay/hp-probook-440-g11-ultra-5-125u-a74b5pt, 2025-08-17 12:20:31.432558
https://fptshop.com.vn/dien-thoai/iphone-14-plus, 2025-08-17 12:20:31.544523
https://fptshop.com.vn/may-tinh-xach-tay/msi-gaming-katana-15-b13vek-2415vn, 2025-08-17 12:20:31.568198
https://fptshop.com.vn/may-tinh-xach-tay/msi-prestige-13-ai-evo-a2vmg-040vn, 2025-08-17 12:20:31.602998
https://fptshop.com.vn/dien-thoai/iphone-16-series, 2025-08-17 12:20:31.782304
https://fptshop.com.vn/dien-thoai/xiaomi-redmi-series, 2025-08-17 12:20:31.870020
https://fptshop.com.vn/dien-thoai/pho-thong, 2025-08-17 12:20:31.925236
https://fptshop.com.vn/dien-thoai/galaxy-a-series, 2025-08-17 12:20:32.324065
https://fptshop.com.vn/may-tinh-xach-tay/lenovo-ideapad, 2025-08-17 12:20:32.360056
https://fptshop.com.vn/may-tinh-xach-tay/asus-vivobook-gaming-16-k3605vc-rp491w-i7-13620h, 2025-08-17 12:20:32.587431
https://fptshop.com.vn/dien-thoai/samsung-galaxy-a56, 2025-08-17 12:20:33.129398
https://fptshop.com.vn/may-tinh-xach-tay/asus-vivobook-15-oled-a1505va-ma466w-i-5-13500h, 2025-08-17 12:20:33.572207
https://fptshop.com.vn/may-tinh-xach-tay/dell, 2025-08-17 12:20:33.644844
https://fptshop.com.vn/may-tinh-xach-tay/hp-15-fd1063tu-core-ultra-5-125h-9z2y1pa, 2025-08-17 12:20:33.817853
https://fptshop.com.vn/dien-thoai/oppo-a3-8gb, 2025-08-17 12:20:34.003839
https://fptshop.com.vn/dien-thoai/dien-thoai-gap, 2025-08-17 12:20:34.134507
https://fptshop.com.vn/dien-thoai/xiaomi-poco-m6-pro-12gb, 2025-08-17 12:20:34.255954
https://fptshop.com.vn/may-tinh-xach-tay/msi-gaming-thin15-b13uc-2044vn-i7-13620h, 2025-08-17 12:20:36.044889
https://fptshop.com.vn/dien-thoai/redmagic-10s-pro, 2025-08-17 12:20:37.628570
https://fptshop.com.vn/may-tinh-xach-tay/dell-vostro, 2025-08-17 12:20:37.968370
https://fptshop.com.vn/may-tinh-xach-tay/dell-gaming-g15-5530-71053700, 2025-08-17 12:20:38.703507
https://fptshop.com.vn/dien-thoai/viettel-sumo-t2-4g, 2025-08-17 12:20:38.888097
https://fptshop.com.vn/may-tinh-xach-tay/lenovo-ideapad-slim-3-15irh10-83k1000gvn, 2025-08-17 12:20:38.915060
https://fptshop.com.vn/may-tinh-xach-tay/dell-inspiron-15-3520-i5-1235u-i5u165w11slu-hs24, 2025-08-17 12:20:39.023576
https://fptshop.com.vn/dien-thoai/samsung-galaxy-a17, 2025-08-17 12:20:39.269344
https://fptshop.com.vn/may-tinh-xach-tay/dell-latitude, 2025-08-17 12:20:39.379846
https://fptshop.com.vn/dien-thoai/xiaomi-redmi-14c, 2025-08-17 12:20:39.715345
https://fptshop.com.vn/dien-thoai/nokia-3210-4g, 2025-08-17 12:20:40.024458
https://fptshop.com.vn/may-tinh-xach-tay/lenovo-ideapad-slim-3-16irh10-83k20002vn, 2025-08-17 12:20:40.098514
https://fptshop.com.vn/dien-thoai/redmagic, 2025-08-17 12:20:40.428457
https://fptshop.com.vn/dien-thoai/masstel-izi-16-4g, 2025-08-17 12:20:40.483306
https://fptshop.com.vn/dien-thoai/inoi-240-modern-4g, 2025-08-17 12:20:41.041058
https://fptshop.com.vn/dien-thoai/nokia-220-4g, 2025-08-17 12:20:41.064582
https://fptshop.com.vn/may-tinh-xach-tay/lenovo-ideapad-slim-3-14irh10-i5-13420h-83k0000bvn, 2025-08-17 12:20:41.203644
https://fptshop.com.vn/dien-thoai/oppo-reno13-f, 2025-08-17 12:20:41.730382
https://fptshop.com.vn/dien-thoai/oppo-reno11f-5g-8gb, 2025-08-17 12:20:41.991784
https://fptshop.com.vn/dien-thoai/masstel-fami-60s-4g, 2025-08-17 12:20:42.135462
https://fptshop.com.vn/dien-thoai/iphone-15-pro, 2025-08-17 12:20:42.191417
https://fptshop.com.vn/may-tinh-xach-tay/lenovo-ideapad-slim-3-14irh10-83k0000avn, 2025-08-17 12:20:42.590539
https://fptshop.com.vn/dien-thoai/nokia, 2025-08-17 12:20:42.860323
https://fptshop.com.vn/may-tinh-xach-tay/msi-gaming-katana-15-hx-b14wek-295vn-i9-14900hx, 2025-08-17 12:20:43.621368
https://fptshop.com.vn/may-tinh-xach-tay/asus-tuf-gaming-f16-fx607vj-rl034w-core-5-210h, 2025-08-17 12:20:43.765573
https://fptshop.com.vn/may-tinh-xach-tay/dell-vostro-v3520-i5-1235u, 2025-08-17 12:20:43.948440
https://fptshop.com.vn/may-tinh-xach-tay/msi-gaming-katana-15-b13udxk-2410vn-i5-13420h, 2025-08-17 12:20:44.278657
https://fptshop.com.vn/may-tinh-xach-tay/hp-250-g9-i5-1235u-ag2k7at, 2025-08-17 12:20:44.548478
https://fptshop.com.vn/dien-thoai/samsung-galaxy-a16-lte, 2025-08-17 12:20:44.743181
https://fptshop.com.vn/may-tinh-xach-tay/dell-inspiron-15-3530-i7-1355u-p16wd, 2025-08-17 12:20:44.829988
https://fptshop.com.vn/may-tinh-xach-tay/msi-gaming-katana-15-b13vfk-2099vn-i7-13620h, 2025-08-17 12:20:44.837410
https://fptshop.com.vn/may-tinh-xach-tay/asus-vivobook-x1504va-nj526w-i5-1335u, 2025-08-17 12:20:45.276336
https://fptshop.com.vn/may-tinh-xach-tay/msi-venture-a15-ai-a2hmg-003vn-r7-260, 2025-08-17 12:20:45.312173
https://fptshop.com.vn/dien-thoai/mobell-m139-4g, 2025-08-17 12:20:45.815963
https://fptshop.com.vn/may-tinh-xach-tay/asus-vivobook-s16-oled-s5606ma-mx051w-intel-core-ultra-7-155h, 2025-08-17 12:20:46.076938
https://fptshop.com.vn/may-tinh-xach-tay/dell-inspiron-14-5441-x1p-64-100-5mnk1, 2025-08-17 12:20:46.394162
https://fptshop.com.vn/may-tinh-xach-tay/msi-gaming-katana-a15-ai-b8ve-402vn-r7-8845hs, 2025-08-17 12:20:46.410466
https://fptshop.com.vn/dien-thoai/masstel-izi-15, 2025-08-17 12:20:46.444647
https://fptshop.com.vn/dien-thoai/oppo-a58-6gb, 2025-08-17 12:20:46.773151
https://fptshop.com.vn/dien-thoai/oppo-a5i-pro, 2025-08-17 12:20:47.326713
https://fptshop.com.vn/dien-thoai/xiaomi-redmi-note-14, 2025-08-17 12:20:47.818982
https://fptshop.com.vn/may-tinh-xach-tay/dell-inspiron-15-3530-i5-1334un5i5530w1, 2025-08-17 12:20:48.764601
https://fptshop.com.vn/dien-thoai/xiaomi-poco-series, 2025-08-17 12:20:49.125387
https://fptshop.com.vn/dien-thoai/redmi-note-series, 2025-08-17 12:20:49.500289
https://fptshop.com.vn/may-tinh-xach-tay/lenovo-ideapad-slim-3-16irh10-i7-13620h-83k20001-vn, 2025-08-17 12:20:49.732877
https://fptshop.com.vn/dien-thoai/samsung-galaxy-a07, 2025-08-17 12:20:49.797261
https://fptshop.com.vn/may-tinh-xach-tay/dell-inspiron-15-3520-i5-1235u-u165w11slu, 2025-08-17 12:20:50.162608
https://fptshop.com.vn/may-tinh-xach-tay/dell-latitude-3450-i7-1355u-16512w, 2025-08-17 12:20:50.431884
https://fptshop.com.vn/dien-thoai/xiaomi, 2025-08-17 12:20:50.583970
https://fptshop.com.vn/dien-thoai/realme-14, 2025-08-17 12:20:50.837033
https://fptshop.com.vn/may-tinh-xach-tay/asus-tuf-gaming, 2025-08-17 12:20:50.876234
https://fptshop.com.vn/dien-thoai/oppo-reno13-f-5g, 2025-08-17 12:20:50.926395
https://fptshop.com.vn/dien-thoai/samsung-galaxy-a06-4g, 2025-08-17 12:20:50.930965
https://fptshop.com.vn/dien-thoai/xiaomi-series, 2025-08-17 12:20:51.189912
https://fptshop.com.vn/dien-thoai/xiaomi-poco-m7-pro, 2025-08-17 12:20:51.231328
https://fptshop.com.vn/may-tinh-xach-tay/asus-rog, 2025-08-17 12:20:51.265812
https://fptshop.com.vn/may-tinh-xach-tay/lenovo-ideapad-slim-5-oled-15arp10-83j3001dvn, 2025-08-17 12:20:51.713954
https://fptshop.com.vn/dien-thoai/iphone-13, 2025-08-17 12:20:51.905984
https://fptshop.com.vn/may-tinh-xach-tay/lenovo-ideapad-slim-3-15abr8-82xm00mdvn, 2025-08-17 12:20:52.097527
https://fptshop.com.vn/dien-thoai/xiaomi-redmi-note-14-5g, 2025-08-17 12:20:52.409082
https://fptshop.com.vn/may-tinh-xach-tay/hp-245-g10-a20tfpt-r5-7530u, 2025-08-17 12:20:52.605650
https://fptshop.com.vn/dien-thoai/honor-magic-v3, 2025-08-17 12:20:53.155969
https://fptshop.com.vn/dien-thoai/honor, 2025-08-17 12:20:53.467050
https://fptshop.com.vn/dien-thoai/honor-magic-series, 2025-08-17 12:20:53.595406
https://fptshop.com.vn/may-tinh-xach-tay/asus-tuf-gaming-f16-fx608jh-rv039w-i5-13450hx, 2025-08-17 12:20:54.306745
https://fptshop.com.vn/may-tinh-xach-tay/asus-tuf-gaming-a15-fa506ncr-hn047w-r7-7435hs, 2025-08-17 12:20:54.373844
https://fptshop.com.vn/may-tinh-xach-tay/asus-tuf-gaming-a15-fa506ncr-hn097w-r7-7435hs, 2025-08-17 12:20:54.440355
https://fptshop.com.vn/may-tinh-xach-tay/asus-tuf-gaming-a17-fa706nfr-hx025w-r7-7435hs, 2025-08-17 12:20:54.831119
https://fptshop.com.vn/may-tinh-xach-tay/asus-tuf-gaming-f16-fx608jmr-rv048w-i7-14650hx, 2025-08-17 12:20:55.327953
https://fptshop.com.vn/may-tinh-xach-tay/asus-gaming-rog-strix-g16-g615lw-s5135w-ultra-9-275hx, 2025-08-17 12:20:55.373044
https://fptshop.com.vn/dien-thoai/xiaomi-15-ultra, 2025-08-17 12:20:55.798606
https://fptshop.com.vn/dien-thoai/xiaomi-15, 2025-08-17 12:20:55.987525
https://fptshop.com.vn/may-tinh-xach-tay/asus-gaming-rog-zephyrus-g16-gu605cm-qr078w-ultra-9-285h, 2025-08-17 12:20:56.088879
https://fptshop.com.vn/may-tinh-xach-tay, 2025-08-17 12:20:56.377034
https://fptshop.com.vn/may-tinh-xach-tay/asus-rog-strix-scar-16-g635lw-rw175w-ultra-9-275hx, 2025-08-17 12:20:56.396561
https://fptshop.com.vn/may-tinh-xach-tay/asus-tuf-gaming-f16-fx608jhr-rv037w-i7-14650hx, 2025-08-17 12:20:57.292668
https://fptshop.com.vn/may-tinh-xach-tay/acer-aspire-lite-15-al15-41p-r3u5-r7-5700u, 2025-08-17 12:20:57.314896
https://fptshop.com.vn/may-tinh-xach-tay/asus-rog-zephyrus-g16-gu605cx-qr083w-ultra-9-285h, 2025-08-17 12:20:57.364350
https://fptshop.com.vn/may-tinh-xach-tay/msi-gaming-thin-a15-b7uc-261vn-r5-7535hs, 2025-08-17 12:20:57.574866
https://fptshop.com.vn/dien-thoai/nokia-105-ds-pro-4g, 2025-08-17 12:20:58.277582
https://fptshop.com.vn/may-tinh-xach-tay/asus-rog-strix-16-g615jmr-s5155w-i7-14650hx, 2025-08-17 12:20:58.432583
https://fptshop.com.vn/dien-thoai/honor-x7c, 2025-08-17 12:20:58.491221
https://fptshop.com.vn/may-tinh-xach-tay/acer-aspire, 2025-08-17 12:20:58.863883
https://fptshop.com.vn/may-tinh-xach-tay/acer, 2025-08-17 12:20:58.870244
https://fptshop.com.vn/may-tinh-xach-tay/sinh-vien-van-phong, 2025-08-17 12:20:58.924345
https://fptshop.com.vn/dien-thoai/honor/x-series, 2025-08-17 12:20:59.146500
https://fptshop.com.vn/may-tinh-xach-tay/ai, 2025-08-17 12:20:59.374715
https://fptshop.com.vn/may-tinh-xach-tay/gigabyte-gaming-g6-mf-72vn853kh-i7-13700h, 2025-08-17 12:20:59.450831
https://fptshop.com.vn/may-tinh-xach-tay/msi-gaming-katana-15-b13vek-2415vn?sku=00919040, 2025-08-17 12:20:59.916283
https://fptshop.com.vn/dien-thoai/honor-200-5g, 2025-08-17 12:21:00.616154
https://fptshop.com.vn/may-tinh-xach-tay/hp-14s-em0086au-r5-7520u?sku=00874398, 2025-08-17 12:21:00.750992
https://fptshop.com.vn/dien-thoai/honor-x9b, 2025-08-17 12:21:00.850918
https://fptshop.com.vn/dien-thoai/honor-90-5g, 2025-08-17 12:21:01.142448
https://fptshop.com.vn/may-tinh-xach-tay/doanh-nhan, 2025-08-17 12:21:01.536035
https://fptshop.com.vn/dien-thoai/honor-400-lite, 2025-08-17 12:21:01.766568
https://fptshop.com.vn/may-tinh-xach-tay/asus-zenbook, 2025-08-17 12:21:02.151710
https://fptshop.com.vn/may-tinh-xach-tay/lenovo-v15-g4-amn-r5-7520u-82yu016svn, 2025-08-17 12:21:02.202935
https://fptshop.com.vn/dien-thoai/honor-x5b-plus, 2025-08-17 12:21:02.329058
https://fptshop.com.vn/dien-thoai/oppo-reno-series, 2025-08-17 12:21:02.508355
https://fptshop.com.vn/may-tinh-xach-tay/dell-inspiron-15-3520-i5-1235u-71061229?sku=00916277, 2025-08-17 12:21:02.687095
https://fptshop.com.vn/may-tinh-xach-tay/msi-gaming-thin-15-b12uc-1416vn-i5-12450h, 2025-08-17 12:21:02.820105
https://fptshop.com.vn/may-tinh-xach-tay/acer-aspire-lite-15-al15-41p-r3u5-r7-5700u?sku=00916544, 2025-08-17 12:21:04.204219
https://fptshop.com.vn/may-tinh-xach-tay/acer-aspire-lite-15-al15-72p-581v-i5-13500h, 2025-08-17 12:21:05.249126
https://fptshop.com.vn/may-tinh-xach-tay/acer-aspire-lite-al16-51p-55n7, 2025-08-17 12:21:05.319091
https://fptshop.com.vn/may-tinh-xach-tay/acer-aspire-5-a515-58m-56yx-i5-13420h, 2025-08-17 12:21:05.346470
https://fptshop.com.vn/may-tinh-xach-tay/asus-zenbook-s-14-oled-ux5406sa-pv140ws, 2025-08-17 12:21:05.478794
https://fptshop.com.vn/may-tinh-xach-tay/acer-predator, 2025-08-17 12:21:05.665738
https://fptshop.com.vn/may-tinh-xach-tay/acer-nitro, 2025-08-17 12:21:05.676973
https://fptshop.com.vn/may-tinh-xach-tay/acer-aspire-7-gaming-a715-59g-57tu-i5-12450h-16gb, 2025-08-17 12:21:06.338736
https://fptshop.com.vn/may-tinh-xach-tay/asus-vivobook-s-14-s5406sa-pp060ws, 2025-08-17 12:21:06.602060
https://fptshop.com.vn/may-tinh-xach-tay/acer-aspire-3-a315-44p-r5qg-r7-5700u, 2025-08-17 12:21:06.747039
https://fptshop.com.vn/may-tinh-xach-tay/asus-zenbook-14-oled-ux3405ma-pp152w-ultra-7-155h, 2025-08-17 12:21:06.751273
https://fptshop.com.vn/may-tinh-xach-tay/acer-aspire-5-a515-58p-71ej-i7-1355u, 2025-08-17 12:21:06.776557
https://fptshop.com.vn/may-tinh-xach-tay/acer-aspire-lite-al14-52m-54cj, 2025-08-17 12:21:07.448921
https://fptshop.com.vn/may-tinh-xach-tay/acer-aspire-7-a715-76-53pj-i5-12450h, 2025-08-17 12:21:07.727263
https://fptshop.com.vn/may-tinh-xach-tay/asus-zenbook-14-ux3405ca-pz188ws-u7-255h, 2025-08-17 12:21:07.830533
https://fptshop.com.vn/may-tinh-xach-tay/asus-gaming-v16-v3607vh-rp025w-core-7-240h, 2025-08-17 12:21:08.102326
https://fptshop.com.vn/may-tinh-xach-tay/asus-zenbook-duo-oled-ux8406ca-pz109ws, 2025-08-17 12:21:08.226916
https://fptshop.com.vn/may-tinh-xach-tay/acer-aspire-lite-16-ai-al16-71p-71wu-ultra-7-155h, 2025-08-17 12:21:08.455123
https://fptshop.com.vn/may-tinh-xach-tay/acer-aspire-lite-16-al16-51p-72s2-i7-1255u, 2025-08-17 12:21:08.514987
https://fptshop.com.vn/may-tinh-xach-tay/asus-tuf-gaming-f16-fx607vu-rl045w-core-5-210h, 2025-08-17 12:21:08.968323
https://fptshop.com.vn/may-tinh-xach-tay/acer-aspire-lite-14-al14-52m-52uu-i5-1335u, 2025-08-17 12:21:08.994187
https://fptshop.com.vn/may-tinh-xach-tay/asus-v-gaming, 2025-08-17 12:21:09.388849
https://fptshop.com.vn/may-tinh-xach-tay/acer-nitro-v-gaming-anv15-51-73uu-i7-13620h, 2025-08-17 12:21:10.017634
https://fptshop.com.vn/may-tinh-xach-tay/acer-predator-helios-neo-16s-gaming-ai-phn16s-71-94t0-u9-275hx, 2025-08-17 12:21:10.064343
https://fptshop.com.vn/may-tinh-xach-tay/acer-gaming-nitro-lite-16-nl16-71g-56wq-i5-13420h, 2025-08-17 12:21:10.136754
https://fptshop.com.vn/may-tinh-xach-tay/acer-predator-helios-18-gaming-ai-ph18-73-98aq-u9-275hx, 2025-08-17 12:21:10.344311
https://fptshop.com.vn/dien-thoai/iphone-14-series, 2025-08-17 12:21:10.387093
https://fptshop.com.vn/may-tinh-xach-tay/acer-predator-helios-neo-14-gaming-phn14-51-96hg, 2025-08-17 12:21:10.633606
https://fptshop.com.vn/may-tinh-xach-tay/gigabyte, 2025-08-17 12:21:10.936333
https://fptshop.com.vn/may-tinh-xach-tay/acer-predator-helios-18-gaming-ai-ph18-73-93p0-u9-275hx, 2025-08-17 12:21:11.255894
https://fptshop.com.vn/dien-thoai/redmagic-10-pro-16gb, 2025-08-17 12:21:11.355962
https://fptshop.com.vn/may-tinh-xach-tay/acer-gaming-nitro-v-anv15-51-500a-i5-13420h, 2025-08-17 12:21:11.410183
https://fptshop.com.vn/may-tinh-xach-tay/dell-xps, 2025-08-17 12:21:11.648950
https://fptshop.com.vn/may-tinh-xach-tay/acer-gaming-predator-helios-neo-16-ai-phn16-73-757w-u7-255hx, 2025-08-17 12:21:11.661637
https://fptshop.com.vn/may-tinh-xach-tay/msi/msi-gaming-thin-gf-cyborg, 2025-08-17 12:21:12.081676
https://fptshop.com.vn/may-tinh-xach-tay/asus-vivobook-s14-s3407va-ly053w-i7-13620h, 2025-08-17 12:21:12.241318
https://fptshop.com.vn/dien-thoai/oppo-a58-8gb, 2025-08-17 12:21:12.291413
https://fptshop.com.vn/may-tinh-xach-tay/asus-zenbook-14-oled-ux3405ca-pz187ws, 2025-08-17 12:21:13.058899
https://fptshop.com.vn/may-tinh-xach-tay/hp-envy-x360-14-fa0092au-r7-8840hs-ay8u2pa, 2025-08-17 12:21:13.167852
https://fptshop.com.vn/dien-thoai/xiaomi-redmi-note-14-pro-plus, 2025-08-17 12:21:13.367845
https://fptshop.com.vn/may-tinh-xach-tay/hp-envy-x360-14-fc0084tu-u7-155u, 2025-08-17 12:21:13.394241
https://fptshop.com.vn/may-tinh-xach-tay/gigabyte-gaming-a16-cmhi2vn893sh-i7-13620h, 2025-08-17 12:21:14.435838
https://fptshop.com.vn/may-tinh-xach-tay/dell-xps-13-9350-ultra-5-226vxps9350-u5ia165w11gr-fp, 2025-08-17 12:21:14.479977
https://fptshop.com.vn/may-tinh-xach-tay/gigabyte-gaming-g5-mf5-h2vn353kh-i7-13620h, 2025-08-17 12:21:14.595976
https://fptshop.com.vn/may-tinh-xach-tay/asus-gaming-v16-v3607vu-rp216w-core-7-240h, 2025-08-17 12:21:14.662277
https://fptshop.com.vn/may-tinh-xach-tay/asus-gaming-v16-v3607vu-rp343w-core-5-210h, 2025-08-17 12:21:15.533974
https://fptshop.com.vn/dien-thoai/oppo-reno14-f, 2025-08-17 12:21:15.599489
https://fptshop.com.vn/may-tinh-xach-tay/gigabyte-gaming-a16-cmhh2vn893sh-i5-13420h, 2025-08-17 12:21:15.668772
https://fptshop.com.vn/dien-thoai/honor-x9c, 2025-08-17 12:21:15.828031
https://fptshop.com.vn/dien-thoai/xiaomi-14t, 2025-08-17 12:21:16.216026
https://fptshop.com.vn/may-tinh-xach-tay/asus-vivobook-15-x1502va-bq886w-i7-13620h, 2025-08-17 12:21:16.469901
https://fptshop.com.vn/may-tinh-xach-tay/hp-envy-x360-14-fc01062tu-core-ultra-5-125u-ay8x1pa, 2025-08-17 12:21:16.820285
https://fptshop.com.vn/may-tinh-xach-tay/acer-nitro-v-gaming-anv15-51-53ne-i5-13420h, 2025-08-17 12:21:16.974407
https://fptshop.com.vn/dien-thoai/honor-x7b, 2025-08-17 12:21:17.250053
https://fptshop.com.vn/may-tinh-xach-tay/asus-vivobook-s14-s3407ca-ly095ws-ultra-5-225h, 2025-08-17 12:21:17.276851
https://fptshop.com.vn/dien-thoai/tecno-spark-30-8gb, 2025-08-17 12:21:17.470967
https://fptshop.com.vn/dien-thoai/honor-400-series, 2025-08-17 12:21:17.577808
https://fptshop.com.vn/may-tinh-xach-tay/asus-vivobook-s14-s3407ca-ly096ws-ultra-7-255h, 2025-08-17 12:21:17.899243
https://fptshop.com.vn/may-tinh-xach-tay/hp-envy-x360-14-fa0093au-r7-8840hs-ay8u3pa, 2025-08-17 12:21:18.281171
https://fptshop.com.vn/dien-thoai/nokia-hmd-105-4g, 2025-08-17 12:21:18.354308
https://fptshop.com.vn/may-tinh-xach-tay/hp-14-ep0112tu-i5-1335u?sku=00907390, 2025-08-17 12:21:18.956243
https://fptshop.com.vn/may-tinh-xach-tay/asus-vivobook-go-15-e1504ga-bq1141w-i3-n305, 2025-08-17 12:21:19.643501
https://fptshop.com.vn/dien-thoai/redmagic-10-air, 2025-08-17 12:21:19.655924
https://fptshop.com.vn/dien-thoai/tcl-60r, 2025-08-17 12:21:19.913048
https://fptshop.com.vn/may-tinh-xach-tay/lenovo-ideapad-slim-5-14akp10-ryzen-ai-7-350-83hx001jvn, 2025-08-17 12:21:20.019320
https://fptshop.com.vn/dien-thoai/samsung-galaxy-s25-ultra, 2025-08-17 12:21:20.374162
https://fptshop.com.vn/may-tinh-xach-tay/asus-vivobook-s-14-oled-m5406wa-pp071ws, 2025-08-17 12:21:20.796493
https://fptshop.com.vn/may-tinh-xach-tay/gigabyte-gaming-g5-mf5-h2ph353kh-i7-13620h, 2025-08-17 12:21:21.013242
https://fptshop.com.vn/may-tinh-xach-tay/asus-gaming-rog-strix-g16-g615jpr-s5107w-i7-14650hx, 2025-08-17 12:21:21.029224
https://fptshop.com.vn/dien-thoai/iphone-15-pro-max, 2025-08-17 12:21:21.350279
https://fptshop.com.vn/dien-thoai/itel-it8010-4g, 2025-08-17 12:21:21.781026
https://fptshop.com.vn/may-tinh-xach-tay/msi-modern-14-f13mg-027vn-i5-1335u?sku=00917926, 2025-08-17 12:21:21.825131
https://fptshop.com.vn/dien-thoai/oppo-a5i-6gb, 2025-08-17 12:21:21.873078
https://fptshop.com.vn/may-tinh-xach-tay/dell-inspiron-n3520-i5-1235u-i5-1235ui5u165w11blu-fp, 2025-08-17 12:21:22.237631
https://fptshop.com.vn/may-tinh-xach-tay/msi-gaming-cyborg-14-a13udx-099vn-i7-13620h, 2025-08-17 12:21:23.148573
https://fptshop.com.vn/may-tinh-xach-tay/asus-zenbook-14-oled-ux3405ca-pz204ws, 2025-08-17 12:21:23.236417
https://fptshop.com.vn/dien-thoai/iphone-14, 2025-08-17 12:21:23.405349
https://fptshop.com.vn/may-tinh-xach-tay/acer-aspire-gaming, 2025-08-17 12:21:23.439281
https://fptshop.com.vn/dien-thoai/honor-x6c, 2025-08-17 12:21:23.890500
https://fptshop.com.vn/may-tinh-xach-tay/lenovo-ideapad-slim-5-oled-15arp10-83j3002svn, 2025-08-17 12:21:23.952199
https://fptshop.com.vn/may-tinh-xach-tay/lenovo-gaming-loq-e-15iax9e-i5-12450hx-83lk0079vn, 2025-08-17 12:21:25.433288
https://fptshop.com.vn/dien-thoai/tcl, 2025-08-17 12:21:25.838360
https://fptshop.com.vn/may-tinh-xach-tay/lenovo-gaming-loq, 2025-08-17 12:21:25.846399
https://fptshop.com.vn/dien-thoai/masstel, 2025-08-17 12:21:26.115035
https://fptshop.com.vn/may-tinh-xach-tay/acer-aspire-7-gaming-a715-76g-5806-i5-12450h, 2025-08-17 12:21:26.393576
https://fptshop.com.vn/may-tinh-xach-tay/lenovo-ideapad-slim-3-15irh10-i5-13420h-83k1002pvn, 2025-08-17 12:21:26.625171
https://fptshop.com.vn/may-tinh-xach-tay/acer-aspire-5-a515-58gm-51lb-i5-13420h, 2025-08-17 12:21:26.658155
https://fptshop.com.vn/may-tinh-xach-tay/acer-nitrov-propanel, 2025-08-17 12:21:26.727993
https://fptshop.com.vn/may-tinh-xach-tay/acer-gaming-nitro-v-15-propanel-anv15-41-r7ap-r5-7535hs, 2025-08-17 12:21:26.951649
https://fptshop.com.vn/dien-thoai/tecno-pova-6-neo, 2025-08-17 12:21:27.787471
https://fptshop.com.vn/may-tinh-xach-tay/asus-zenbook-14-um3406ka-pp113ws-ryzen-ai-7-350, 2025-08-17 12:21:27.981914
https://fptshop.com.vn/dien-thoai/inoi-244-modern-plus-4g, 2025-08-17 12:21:28.374043
https://fptshop.com.vn/may-tinh-xach-tay/msi-modern-14-f13mg-027vn-i5-1335u, 2025-08-17 12:21:28.438855
https://fptshop.com.vn/may-tinh-xach-tay/lenovo-gaming-loq-e-15iax9e-i5-12450hx-83lk0079vn?sku=00918013, 2025-08-17 12:21:28.719564
https://fptshop.com.vn/may-tinh-xach-tay/acer-swift-lite-14-ai-sfl14-51m-56hs-u5-125u, 2025-08-17 12:21:29.077200
https://fptshop.com.vn/may-tinh-xach-tay/msi-modern, 2025-08-17 12:21:29.145922
https://fptshop.com.vn/may-tinh-xach-tay/asus-zenbook-14-um3406ka-pp590ws-ryzen-ai-7-350, 2025-08-17 12:21:29.167767
https://fptshop.com.vn/may-tinh-xach-tay/hp-probook-440-g11-ultra-7-155u-a74bhpt, 2025-08-17 12:21:29.464744
https://fptshop.com.vn/may-tinh-xach-tay/dell-vostro-15-3520-i5-1235u-i5u165w11gru, 2025-08-17 12:21:30.215804
https://fptshop.com.vn/may-tinh-xach-tay/acer-aspire-lite-16-ai-al16-71p-5674-ultra-5-125h, 2025-08-17 12:21:30.452684
https://fptshop.com.vn/dien-thoai/redmagic-10s-pro-16gb, 2025-08-17 12:21:31.360242
https://fptshop.com.vn/may-tinh-xach-tay/msi-modern-15-h-c2rmg-287vn-core-7-240h, 2025-08-17 12:21:32.454064
https://fptshop.com.vn/may-tinh-xach-tay/msi-modern-15-f13mg-666vn-i5-1334u, 2025-08-17 12:21:32.517286
https://fptshop.com.vn/may-tinh-xach-tay/lenovo-gaming-loq-15arp9-r5-7235hs-83jc00hxvn, 2025-08-17 12:21:32.544793
https://fptshop.com.vn/may-tinh-xach-tay/lenovo-gaming-loq-15irx10-i7-13650hx-83je006pvn, 2025-08-17 12:21:32.912456
https://fptshop.com.vn/may-tinh-xach-tay/acer-nitro-v-15-propanel-gaming-anv15-51-534u-i5-13420h, 2025-08-17 12:21:33.460695
https://fptshop.com.vn/may-tinh-xach-tay/lenovo-gaming-loq-15arp9-r5-7235hs-83jc007hvn, 2025-08-17 12:21:33.502118
https://fptshop.com.vn/may-tinh-xach-tay/lenovo-gaming-loq-15irx9-i5-13450hx20gb-83dv012lvn, 2025-08-17 12:21:33.543390
https://fptshop.com.vn/may-tinh-xach-tay/lenovo-gaming-loq-15iax9-i5-12450hx-12gb-rtx3050, 2025-08-17 12:21:33.725701
https://fptshop.com.vn/may-tinh-xach-tay/msi-modern-14-h-d13mg-217vn-i7-13700h, 2025-08-17 12:21:34.630885
https://fptshop.com.vn/may-tinh-xach-tay/acer-gaming-nitro-v-15-propanel-anv15-41-r7cr-r5-7535hs, 2025-08-17 12:21:34.847815
https://fptshop.com.vn/may-tinh-xach-tay/lenovo-gaming-loq-15irx9-i5-13450hx-28gb-83dv012lvn, 2025-08-17 12:21:34.873514
https://fptshop.com.vn/may-tinh-xach-tay/msi-modern-14-c13m-608vn-i5-1335u, 2025-08-17 12:21:34.971121
https://fptshop.com.vn/dien-thoai/tcl-503, 2025-08-17 12:21:35.312405
https://fptshop.com.vn/may-tinh-xach-tay/acer-gaming-nitro-v-15-propanel-anv15-41-r0y4-r7-7735hs, 2025-08-17 12:21:35.698746
https://fptshop.com.vn/may-tinh-xach-tay/lenovo-gaming-loq-15iax9-i5-12450hx, 2025-08-17 12:21:35.718558
https://fptshop.com.vn/may-tinh-xach-tay/acer-gaming-nitro-v-15-propanel-anv15-52-72bm-i7-13620h, 2025-08-17 12:21:35.915761
https://fptshop.com.vn/may-tinh-xach-tay/msi-modern-15-h-c2rmg-292vn-core-5-210h, 2025-08-17 12:21:35.991409
https://fptshop.com.vn/may-tinh-xach-tay/lenovo-gaming-loq-15arp9-r5-7235hs-83jc00hyvn, 2025-08-17 12:21:36.546865
https://fptshop.com.vn/may-tinh-xach-tay/lenovo-gaming-loq-15iax9-i5-12450hx-ai-24gb, 2025-08-17 12:21:36.899359
https://fptshop.com.vn/may-tinh-xach-tay/acer-nitro-v-15-propanel-gaming-anv15-51-78bg, 2025-08-17 12:21:37.504539
https://fptshop.com.vn/may-tinh-xach-tay/acer-gaming-nitro-v-15-propanel-anv15-41-r0fe-r7-7735hs, 2025-08-17 12:21:38.561148
https://fptshop.com.vn/may-tinh-xach-tay/asus-tuf-gaming-f16-fx608jpr-rv044w-i7-14650hx, 2025-08-17 12:21:38.711838
https://fptshop.com.vn/may-tinh-xach-tay/acer-gaming-nitro-v-16-ai-propanel-anv16s-61-r9zv-ryzen-ai-7-350, 2025-08-17 12:21:39.094978
https://fptshop.com.vn/may-tinh-xach-tay/lenovo-gaming-loq-15irx9-83dv012lvn, 2025-08-17 12:21:39.421118
https://fptshop.com.vn/may-tinh-xach-tay/acer-gaming-nitro-v-15-propanel-anv15-52-59aa-i5-13420h, 2025-08-17 12:21:39.547093
https://fptshop.com.vn/dien-thoai/honor-400-pro, 2025-08-17 12:21:39.637870
https://fptshop.com.vn/dien-thoai/tecno, 2025-08-17 12:21:40.092229
https://fptshop.com.vn/dien-thoai/samsung-galaxy-s25-plus, 2025-08-17 12:21:40.125841
https://fptshop.com.vn/dien-thoai/samsung-galaxy-s25-edge, 2025-08-17 12:21:40.302071
https://fptshop.com.vn/may-tinh-xach-tay/hp-co-ban, 2025-08-17 12:21:40.404268
https://fptshop.com.vn/dien-thoai/masstel-s7-4gb, 2025-08-17 12:21:40.421409
https://fptshop.com.vn/may-tinh-xach-tay/gigabyte-gaming-g6-kf-73vn853kh-i7-13700h, 2025-08-17 12:21:40.492911
https://fptshop.com.vn/may-tinh-xach-tay/acer-aspire-7-a715-76g-59mw-i5-12450h, 2025-08-17 12:21:41.185822
https://fptshop.com.vn/dien-thoai/iphone-16-pro-max, 2025-08-17 12:21:41.195346
https://fptshop.com.vn/may-tinh-xach-tay/msi-gaming-thin-15-b13uc-2081vn-i5-13420h, 2025-08-17 12:21:41.622251
https://fptshop.com.vn/may-tinh-xach-tay/hp-gaming-victus-15-fa2732tx-i5-13420h-b85lppa, 2025-08-17 12:21:41.862165
https://fptshop.com.vn/may-tinh-xach-tay/hp-15-fd0083tu-i7-1355u, 2025-08-17 12:21:42.435159
https://fptshop.com.vn/may-tinh-xach-tay/gigabyte-gaming-g5-kf-e3vn313sh-i5-12500h, 2025-08-17 12:21:42.495612
https://fptshop.com.vn/may-tinh-xach-tay/msi-modern-14-f13mg-466vn-i5-1334u, 2025-08-17 12:21:42.620994
https://fptshop.com.vn/may-tinh-xach-tay/asus-vivobook-x1504va-nj526w-i5-1335u?sku=00904943, 2025-08-17 12:21:43.652697
https://fptshop.com.vn/dien-thoai/realme, 2025-08-17 12:21:44.012417
https://fptshop.com.vn/may-tinh-xach-tay/gaming-do-hoa, 2025-08-17 12:21:44.034600
https://fptshop.com.vn/dien-thoai/tecno-spark-go-1, 2025-08-17 12:21:44.517800
https://fptshop.com.vn/dien-thoai/samsung-galaxy-s24-ultra, 2025-08-17 12:21:44.587587
https://fptshop.com.vn/dien-thoai/tecno-camon-40-pro, 2025-08-17 12:21:44.754951
https://fptshop.com.vn/may-tinh-xach-tay/msi-gaming-katana-15-b13udxk-2213vn-i5-13500h, 2025-08-17 12:21:45.272075
https://fptshop.com.vn/dien-thoai/oppo-find-series, 2025-08-17 12:21:45.556362
https://fptshop.com.vn/dien-thoai/oppo-reno14, 2025-08-17 12:21:45.689311
https://fptshop.com.vn/may-tinh-xach-tay/hp-probook-450-g10-i5-1340p, 2025-08-17 12:21:45.749407
https://fptshop.com.vn/may-tinh-xach-tay/dell-latitude-3450-i5-1335u-16512w-umc, 2025-08-17 12:21:45.780264
https://fptshop.com.vn/dien-thoai/galaxy-z-series, 2025-08-17 12:21:45.863581
https://fptshop.com.vn/may-tinh-xach-tay/hp-pavilion, 2025-08-17 12:21:46.033587
https://fptshop.com.vn/may-tinh-xach-tay/asus-vivobook-x1605va-mb1826w, 2025-08-17 12:21:46.267715
https://fptshop.com.vn/dien-thoai/iphone-13-series, 2025-08-17 12:21:46.288044
https://fptshop.com.vn/may-tinh-xach-tay/hp-envy-x360-14-fc0158tu-core-ultra-7-155u, 2025-08-17 12:21:46.997122
https://fptshop.com.vn/may-tinh-xach-tay/dell-inspiron-n3530-i5-1334u-71043885, 2025-08-17 12:21:47.002892
https://fptshop.com.vn/may-tinh-xach-tay/lenovo-ideapad-slim-3-15abr8-82xm00mcvn, 2025-08-17 12:21:47.036832
https://fptshop.com.vn/may-tinh-xach-tay/asus-vivobook-s14-s3407va-ly046w-i5-13420h, 2025-08-17 12:21:47.281315
https://fptshop.com.vn/may-tinh-xach-tay/lenovo-gaming-loq-15ahp10-r7-250-83jg0047vn, 2025-08-17 12:21:48.178790
https://fptshop.com.vn/may-tinh-xach-tay/asus-vivobook-15-x1502va-bq886w-i7-13620h?sku=00917721, 2025-08-17 12:21:48.214189
https://fptshop.com.vn/dien-thoai/realme-c61, 2025-08-17 12:21:49.228028
https://fptshop.com.vn/dien-thoai/realme-c60, 2025-08-17 12:21:49.281850
https://fptshop.com.vn/dien-thoai/realme-c71, 2025-08-17 12:21:49.863563
https://fptshop.com.vn/dien-thoai/realme-c61-6gb, 2025-08-17 12:21:50.176888
https://fptshop.com.vn/may-tinh-xach-tay/hp-pavilion-15-eg3112tu-i7-1355u, 2025-08-17 12:21:50.375059
https://fptshop.com.vn/may-tinh-xach-tay/msi-gaming-katana-15-b13vek-2256vn, 2025-08-17 12:21:50.430229
https://fptshop.com.vn/dien-thoai/realme-note-60, 2025-08-17 12:21:50.756370
https://fptshop.com.vn/may-tinh-xach-tay/asus-zenbook-14-oled-ux3405ca-pz368ws, 2025-08-17 12:21:50.910432
https://fptshop.com.vn/may-tinh-xach-tay/asus-zenbook-s-16-oled-um5606ka-rk113ws, 2025-08-17 12:21:51.346397
https://fptshop.com.vn/may-tinh-xach-tay/hp-245-g10-r7-7730u, 2025-08-17 12:21:51.396322
https://fptshop.com.vn/dien-thoai/tecno-camon-40, 2025-08-17 12:21:51.437883
https://fptshop.com.vn/may-tinh-xach-tay/msi/msi-gaming-stealth-vector-raider-titan, 2025-08-17 12:21:51.815571
https://fptshop.com.vn/dien-thoai/samsung-galaxy-a26, 2025-08-17 12:21:52.588325
https://fptshop.com.vn/may-tinh-xach-tay/msi-gaming-thin-15-b13ve-2824vn, 2025-08-17 12:21:52.656943
https://fptshop.com.vn/dien-thoai/honor-x6b, 2025-08-17 12:21:53.039536
https://fptshop.com.vn/may-tinh-xach-tay/acer-gaming-aspire-5-a515-58gm-53pz-i5-13420h, 2025-08-17 12:21:53.071643
https://fptshop.com.vn/may-tinh-xach-tay/dell-latitude-3450-i5-1335u-16512w-umc?sku=00916381, 2025-08-17 12:21:53.568440
https://fptshop.com.vn/may-tinh-xach-tay/dell-inspiron-15-n3530-i7-1355u-n5i7305w1, 2025-08-17 12:21:53.708483
https://fptshop.com.vn/dien-thoai/tecno-spark-20c, 2025-08-17 12:21:53.759095
https://fptshop.com.vn/may-tinh-xach-tay/hp-probook-445-g10-r5-7530u-b73tsat, 2025-08-17 12:21:54.247206
https://fptshop.com.vn/may-tinh-xach-tay/msi-gaming-stealth-a16-ai-a3xvgg-208vn, 2025-08-17 12:21:55.201047
https://fptshop.com.vn/may-tinh-xach-tay/msi-gaming-stealth-18-hx-ai-a2xwig-017vn-u9-275hx, 2025-08-17 12:21:55.309003
https://fptshop.com.vn/may-tinh-xach-tay/msi-gaming-vector-16-hx-ai-a2xwhg-010vn, 2025-08-17 12:21:55.325925
https://fptshop.com.vn/may-tinh-xach-tay/msi-gaming-raider-ge68-hx-14vhg-646vn-i9-14900hx, 2025-08-17 12:21:55.332849
https://fptshop.com.vn/may-tinh-xach-tay/msi-gaming-raider-18-hx-ai-a2xwig-033vn-u9-275hx, 2025-08-17 12:21:55.609476
https://fptshop.com.vn/may-tinh-xach-tay/msi-gaming-stealth-a16-mercedes-amg-ai-a3xwgg-032vn-ryzen-ai-9-hx-370, 2025-08-17 12:21:56.186286
https://fptshop.com.vn/dien-thoai/galaxy-s-series, 2025-08-17 12:21:56.542017
https://fptshop.com.vn/may-tinh-xach-tay/msi-gaming-katana-a15-ai-b8vf-419vn-r7-8845hs, 2025-08-17 12:21:56.787998
https://fptshop.com.vn/dien-thoai/itel-it9310-4g, 2025-08-17 12:21:56.840659
https://fptshop.com.vn/may-tinh-xach-tay/msi-gaming-vector-16-hx-ai-a2xwig-062vn-u9-275hx, 2025-08-17 12:21:57.158760
https://fptshop.com.vn/may-tinh-xach-tay/asus-vivobook-14-x1405va-ly623w-i5-13420h, 2025-08-17 12:21:57.168499
https://fptshop.com.vn/dien-thoai/iphone-15, 2025-08-17 12:21:57.523376
https://fptshop.com.vn/dien-thoai/honor-400, 2025-08-17 12:21:57.749472
https://fptshop.com.vn/may-tinh-xach-tay/hp-pavilion-15-eg3111tu-i5-1335u, 2025-08-17 12:21:57.967602
https://fptshop.com.vn/dien-thoai/honor-series, 2025-08-17 12:21:58.249006
https://fptshop.com.vn/may-tinh-xach-tay/dell-inspiron-15-3520-i5-1235u, 2025-08-17 12:21:58.287347
https://fptshop.com.vn/may-tinh-xach-tay/lenovo-ideapad-slim-5-14q8x9-sd-x-x1-26-100-83hl005avn, 2025-08-17 12:21:58.342478
https://fptshop.com.vn/may-tinh-xach-tay/acer-gaming-aspire-5-a515-58g-53cm-i5-13420h, 2025-08-17 12:21:58.510420
https://fptshop.com.vn/may-tinh-xach-tay/lenovo-v-series, 2025-08-17 12:21:58.548725
https://fptshop.com.vn/may-tinh-xach-tay/asus-vivobook-15-x1504va-bq165w-core-5-120u, 2025-08-17 12:21:58.823363
https://fptshop.com.vn/may-tinh-xach-tay/lenovo-v15-g4-iru-i7-13620h-83a100rhvn, 2025-08-17 12:21:59.807286
https://fptshop.com.vn/dien-thoai/tecno-pova-6-8gb-256gb, 2025-08-17 12:21:59.815159
https://fptshop.com.vn/may-tinh-xach-tay/lenovo-v15-g4-iru-i5-13420h-83a100pmvn, 2025-08-17 12:21:59.828604
https://fptshop.com.vn/dien-thoai/tecno-spark-30, 2025-08-17 12:22:01.193627
https://fptshop.com.vn/may-tinh-xach-tay/lenovo-v14-g4-iru-i5-13420h-83a000fqvn, 2025-08-17 12:22:01.232695
https://fptshop.com.vn/may-tinh-xach-tay/lenovo-v15-g4-iru-i5-13420h-16gb, 2025-08-17 12:22:01.296703
https://fptshop.com.vn/may-tinh-xach-tay/acer-predator-helios-neo-14-phn14-51-99y8-u9-185h, 2025-08-17 12:22:01.593966
https://fptshop.com.vn/may-tinh-xach-tay/msi-gaming-stealth-a16-ai-a3xwfg-018vn-ryzen-ai-9-hx-370, 2025-08-17 12:22:02.139673
https://fptshop.com.vn/may-tinh-xach-tay/msi-gaming-stealth-a16-ai-a3xwhg-085vn, 2025-08-17 12:22:02.385782
https://fptshop.com.vn/dien-thoai/inoi, 2025-08-17 12:22:02.509725
https://fptshop.com.vn/may-tinh-xach-tay/msi-modern-15-h-c13m-216vn-i7-13700h, 2025-08-17 12:22:02.700687
https://fptshop.com.vn/may-tinh-xach-tay/lenovo-ideapad-slim-3-15irh10-83k1000jvn, 2025-08-17 12:22:02.999974
https://fptshop.com.vn/dien-thoai/iphone-16-pro, 2025-08-17 12:22:03.147132
https://fptshop.com.vn/dien-thoai/xiaomi-poco-c71, 2025-08-17 12:22:03.151348
https://fptshop.com.vn/dien-thoai/oppo-reno12-f, 2025-08-17 12:22:03.622953
https://fptshop.com.vn/may-tinh-xach-tay/hp-15-fd0235tu-i5-1334u, 2025-08-17 12:22:03.940716
https://fptshop.com.vn/may-tinh-xach-tay/asus-vivobook-14-a1407ca-ly008ws, 2025-08-17 12:22:04.272461
https://fptshop.com.vn/dien-thoai/samsung-galaxy-s25, 2025-08-17 12:22:04.385129
https://fptshop.com.vn/dien-thoai/nubia-v70-design, 2025-08-17 12:22:04.440668
https://fptshop.com.vn/dien-thoai/samsung-galaxy-a35, 2025-08-17 12:22:04.574176
https://fptshop.com.vn/dien-thoai/zte, 2025-08-17 12:22:04.846467
https://fptshop.com.vn/may-tinh-xach-tay/mong-nhe, 2025-08-17 12:22:05.196735
https://fptshop.com.vn/dien-thoai/inoi-a34, 2025-08-17 12:22:05.521687
https://fptshop.com.vn/dien-thoai/samsung-galaxy-z-flip7, 2025-08-17 12:22:05.652450
https://fptshop.com.vn/may-tinh-xach-tay/dell-inspiron-15-3520-i5-1235u-i5u165w11blu-fp, 2025-08-17 12:22:06.496346
https://fptshop.com.vn/dien-thoai/inoi-a54, 2025-08-17 12:22:06.670877
https://fptshop.com.vn/may-tinh-xach-tay/lenovo-gaming-loq-15iax9-i5-12450hx-24gb-512gb, 2025-08-17 12:22:06.775052
https://fptshop.com.vn/may-tinh-xach-tay/hp-envy-x360-14-fc0151tu-ultra-7-155u-ay8v2pa, 2025-08-17 12:22:06.917183
https://fptshop.com.vn/may-tinh-xach-tay/acer-gaming-nitro-v-anv15-51-73bt-i7-13620h, 2025-08-17 12:22:07.158244
https://fptshop.com.vn/dien-thoai/samsung-galaxy-a36, 2025-08-17 12:22:07.817099
https://fptshop.com.vn/may-tinh-xach-tay/asus-tuf-gaming-f16-fx607vj-rl034w-core-5-210h?sku=00919188, 2025-08-17 12:22:07.874525
https://fptshop.com.vn/may-tinh-xach-tay/asus-zenbook-14-oled-ux3407qa-qd299ws, 2025-08-17 12:22:08.137751
https://fptshop.com.vn/may-tinh-xach-tay/dell-inspiron-15-3520-i5-1235u-8d10nk, 2025-08-17 12:22:08.459029
https://fptshop.com.vn/dien-thoai/oppo-a5i, 2025-08-17 12:22:08.904069
https://fptshop.com.vn/dien-thoai/tecno-spark-30c, 2025-08-17 12:22:09.000159
https://fptshop.com.vn/dien-thoai/iphone-16, 2025-08-17 12:22:09.106779
https://fptshop.com.vn/may-tinh-xach-tay/dell-gaming-g-series, 2025-08-17 12:22:09.187605
https://fptshop.com.vn/may-tinh-xach-tay/msi-gaming-katana-15-hx-b14wgk-022vn-i9-14900hx, 2025-08-17 12:22:09.373707
https://fptshop.com.vn/may-tinh-xach-tay/gigabyte-gaming-g5-kf5-53vn353sh-i5-13500h, 2025-08-17 12:22:09.766399
https://fptshop.com.vn/may-tinh-xach-tay/msi-gaming-raider-ge68hx-13vf-050vn-i7-13700hx, 2025-08-17 12:22:10.012889
https://fptshop.com.vn/dien-thoai/nubia-a36, 2025-08-17 12:22:10.933178
https://fptshop.com.vn/dien-thoai/nubia-v70-max, 2025-08-17 12:22:10.959568
https://fptshop.com.vn/dien-thoai/zte-blade-a35, 2025-08-17 12:22:11.101694
https://fptshop.com.vn/may-tinh-xach-tay/asus-vivobook-gaming-v16-v3607vm-rp044w-core-7-240h, 2025-08-17 12:22:11.175785
https://fptshop.com.vn/may-tinh-xach-tay/dell-15, 2025-08-17 12:22:11.600287
https://fptshop.com.vn/dien-thoai/zte-blade-a55, 2025-08-17 12:22:11.678663
https://fptshop.com.vn/may-tinh-xach-tay/hp-14-ep0112tu-i5-1335u, 2025-08-17 12:22:12.082762
https://fptshop.com.vn/dien-thoai/nubia-a56, 2025-08-17 12:22:12.690364
https://fptshop.com.vn/may-tinh-xach-tay/acer-gaming-nitro-v-15-propanel-anv15-41-r9m1-r5-7535hs, 2025-08-17 12:22:12.789989
https://fptshop.com.vn/may-tinh-xach-tay/acer-aspire-lite-16-gen-2-al16-52p-572a-i5-1334u, 2025-08-17 12:22:12.794234
https://fptshop.com.vn/may-tinh-xach-tay/acer-swift, 2025-08-17 12:22:13.084960
https://fptshop.com.vn/may-tinh-xach-tay/hp-gaming-victus-16-r0366tx-i7-13700hx-ay8x9pa, 2025-08-17 12:22:13.268889
https://fptshop.com.vn/may-tinh-xach-tay/hp-15-fd1060tu-core-ultra-7-155h, 2025-08-17 12:22:13.335074
https://fptshop.com.vn/may-tinh-xach-tay/lenovo-ideapad-slim-5-14akp10-ryzen-ai-5-340-83hx001kvn, 2025-08-17 12:22:13.913978
https://fptshop.com.vn/may-tinh-xach-tay/asus-rog-strix-scar-16-g635lx-rw179w-ultra-9-275hx, 2025-08-17 12:22:13.968930
https://fptshop.com.vn/may-tinh-xach-tay/lenovo-ideapad-slim-3-15irh10-i5-13420h-83k1002nvn, 2025-08-17 12:22:14.082236
https://fptshop.com.vn/may-tinh-xach-tay/asus-vivobook-go-14-e1404fa-nk177w-r5-7520u, 2025-08-17 12:22:14.436227
https://fptshop.com.vn/dien-thoai/honor-x5b, 2025-08-17 12:22:15.004542
https://fptshop.com.vn/may-tinh-xach-tay/acer-gaming-nitro-lite-16-nl16-71g-71uj-i7-13620h, 2025-08-17 12:22:15.111611
https://fptshop.com.vn/may-tinh-xach-tay/asus-tuf-gaming-fx507zc4-hn095w-i5-12500h, 2025-08-17 12:22:15.731129
https://fptshop.com.vn/may-tinh-xach-tay/acer-swift-14-ai-sf14-51-75vp-ultra-7-258v, 2025-08-17 12:22:16.772595
https://fptshop.com.vn/may-tinh-xach-tay/acer-swift-go-sfg14-41-r19z-r5-7530u, 2025-08-17 12:22:16.967001
https://fptshop.com.vn/may-tinh-xach-tay/acer-swift-x-ai-sfx14-72g-77f9, 2025-08-17 12:22:17.033594
https://fptshop.com.vn/may-tinh-xach-tay/dell-15-dc15255-r5-7530u-dc5r5802w1, 2025-08-17 12:22:17.039599
https://fptshop.com.vn/may-tinh-xach-tay/acer-swift-14-ai-sf14-51-53p9-ultra5-226v, 2025-08-17 12:22:17.828942
https://fptshop.com.vn/may-tinh-xach-tay/acer-swift-edge-14-ai-sfe14-51t-52kd-u5-228v, 2025-08-17 12:22:17.901759
https://fptshop.com.vn/may-tinh-xach-tay/acer-swift-go-14-ai-sfg14-74t-55hd-ultra-5-225h, 2025-08-17 12:22:18.045123
https://fptshop.com.vn/may-tinh-xach-tay/acer-swift-lite-14-ai-sfl14-51m-78xz-u7-155u, 2025-08-17 12:22:18.101794
https://fptshop.com.vn/may-tinh-xach-tay/acer-swift-go-14-ai-sfg14-74-58fj-ultra-5-225h, 2025-08-17 12:22:18.107244
https://fptshop.com.vn/may-tinh-xach-tay/acer-swift-edge-sfa16-41-r3l6-r7-6800u, 2025-08-17 12:22:18.783136
https://fptshop.com.vn/dien-thoai/samsung-galaxy-s24-fe, 2025-08-17 12:22:18.803278
https://fptshop.com.vn/may-tinh-xach-tay/acer-swift-x-ai-sfx14-72g-79uw, 2025-08-17 12:22:19.173292
https://fptshop.com.vn/may-tinh-xach-tay/hp-envy-x360-14-fc0161tu-core-ultra-5-125u, 2025-08-17 12:22:19.396608
https://fptshop.com.vn/may-tinh-xach-tay/acer-swift-so-ai-sfg14-73-53x7-ultra-5-125h, 2025-08-17 12:22:19.530474
https://fptshop.com.vn/may-tinh-xach-tay/acer-aspire-7-gaming-a715-59g-73lb-i7-12650h, 2025-08-17 12:22:19.712094
https://fptshop.com.vn/may-tinh-xach-tay/msi-gaming-katana-15-hx-b14wgk-023vn-i7-14650hx, 2025-08-17 12:22:20.095078
https://fptshop.com.vn/may-tinh-xach-tay/hp-15-fd0305tu-i3-1315u-a2nl6pa, 2025-08-17 12:22:20.549489
https://fptshop.com.vn/may-tinh-xach-tay/acer-aspire-lite-14-gen-2-al14-52m-32kv, 2025-08-17 12:22:20.591223
https://fptshop.com.vn/may-tinh-xach-tay/dell-inspiron-15-3530-71053721, 2025-08-17 12:22:20.756154
https://fptshop.com.vn/may-tinh-xach-tay/msi-gaming-katana-15-hx-b14wfk-294vn-i9-14900hx, 2025-08-17 12:22:20.922986
https://fptshop.com.vn/dien-thoai/oppo-a-series, 2025-08-17 12:22:21.231352
https://fptshop.com.vn/may-tinh-xach-tay/lenovo, 2025-08-17 12:22:21.271906
https://fptshop.com.vn/may-tinh-xach-tay/dell-inspiron, 2025-08-17 12:22:21.304466
https://fptshop.com.vn/dien-thoai/viettel, 2025-08-17 12:22:21.539268
https://fptshop.com.vn/may-tinh-xach-tay/acer-aspire-7-gaming-a715-59g-57tu-i5-12450h, 2025-08-17 12:22:22.209715
https://fptshop.com.vn/may-tinh-xach-tay/hp-victus-16-r0127tx-8c5n2pa-i7-13700h, 2025-08-17 12:22:22.250764
https://fptshop.com.vn/dien-thoai/samsung-galaxy-m55, 2025-08-17 12:22:22.276729
https://fptshop.com.vn/may-tinh-xach-tay/asus-vivobook-15-oled-a1505va-l1688w-i7-13620h, 2025-08-17 12:22:22.332954
https://fptshop.com.vn/dien-thoai/redmagic-10-pro, 2025-08-17 12:22:22.510587
https://fptshop.com.vn/dien-thoai/galaxy-xcover, 2025-08-17 12:22:22.521716
https://fptshop.com.vn/may-tinh-xach-tay/acer-aspire-7-a715-76-728x-i7-12650h, 2025-08-17 12:22:23.316064
https://fptshop.com.vn/dien-thoai/honor-x8c, 2025-08-17 12:22:23.337394
https://fptshop.com.vn/may-tinh-xach-tay/msi-modern-15-h-ai-c2hmg-220vn-ultra-7-255h, 2025-08-17 12:22:23.401923
https://fptshop.com.vn/dien-thoai/nubia-a76, 2025-08-17 12:22:23.622478
https://fptshop.com.vn/may-tinh-xach-tay/gigabyte-gaming-g5-mf5-52vn353sh-i5-13500h, 2025-08-17 12:22:23.747458
https://fptshop.com.vn/dien-thoai/oppo-a18, 2025-08-17 12:22:24.263188
https://fptshop.com.vn/dien-thoai/oppo-find-n5, 2025-08-17 12:22:24.447376
https://fptshop.com.vn/may-tinh-xach-tay/lenovo-yoga, 2025-08-17 12:22:24.739216
https://fptshop.com.vn/may-tinh-xach-tay/lenovo-thinkbook, 2025-08-17 12:22:24.820482
https://fptshop.com.vn/may-tinh-xach-tay/lenovo-thinkpad, 2025-08-17 12:22:25.015731
https://fptshop.com.vn/may-tinh-xach-tay/lenovo-legion-gaming, 2025-08-17 12:22:25.326559
https://fptshop.com.vn/may-tinh-xach-tay/dell-inspiron-n3520-i5-1235u-n5i5203w1, 2025-08-17 12:22:25.539214
https://fptshop.com.vn/may-tinh-xach-tay/dell-inspiron-14-n5440-i5-1334u, 2025-08-17 12:22:25.548040
https://fptshop.com.vn/may-tinh-xach-tay/dell-inspiron-14-5440-core-5-120un5440-c5u165w11ibd2, 2025-08-17 12:22:25.789569
https://fptshop.com.vn/dien-thoai/samsung-galaxy-xcover7-pro, 2025-08-17 12:22:26.175859
https://fptshop.com.vn/dien-thoai/samsung-galaxy-xcover7, 2025-08-17 12:22:26.289188
https://fptshop.com.vn/dien-thoai/oppo-a78, 2025-08-17 12:22:26.676475
https://fptshop.com.vn/may-tinh-xach-tay/lenovo-gaming-legion-5-15irx10-i7-14700hx-83ly00a7vn, 2025-08-17 12:22:27.765873
https://fptshop.com.vn/may-tinh-xach-tay/lenovo-gaming-legion-5-15iax10-u7-255hx-83f0003cvn, 2025-08-17 12:22:27.784689
https://fptshop.com.vn/may-tinh-xach-tay/lenovo-gaming-legion-pro-5-16iax10-u9-275hx-83f3003vvn, 2025-08-17 12:22:27.831408
https://fptshop.com.vn/may-tinh-xach-tay/lenovo-gaming-legion-pro-5-16iax10-u9-275hx-83f3002gvn, 2025-08-17 12:22:27.891145
https://fptshop.com.vn/may-tinh-xach-tay/lenovo-yoga-pro-7-14asp9-83hn0022vn, 2025-08-17 12:22:28.664985
https://fptshop.com.vn/may-tinh-xach-tay/lenovo-yoga-9-2in1-14imh9-ultra-7-155h, 2025-08-17 12:22:28.925562
https://fptshop.com.vn/may-tinh-xach-tay/lenovo-gaming-legion-5-15irx10-i7-14700hx-83ly004gvn, 2025-08-17 12:22:28.944818
https://fptshop.com.vn/may-tinh-xach-tay/lenovo-thinkpad-x9-14-gen-1-u7-258v-21qa006lvn, 2025-08-17 12:22:28.985370
https://fptshop.com.vn/may-tinh-xach-tay/lenovo-gaming-legion-5-15iax10-u7-255hx-83f0003bvn, 2025-08-17 12:22:29.115102
https://fptshop.com.vn/may-tinh-xach-tay/lenovo-gaming-legion-pro-7-16iax10h-u9-275hx-83f5008wvn, 2025-08-17 12:22:30.444455
https://fptshop.com.vn/may-tinh-xach-tay/lenovo-yoga-slim-7-14imh9-u5-125h-83cv00ahvn, 2025-08-17 12:22:30.649403
https://fptshop.com.vn/may-tinh-xach-tay/lenovo-yoga-slim-7-14imh9-u7-155h-83cv00ajvn, 2025-08-17 12:22:30.728083
https://fptshop.com.vn/may-tinh-xach-tay/lenovo-yoga-7-2-in-1-14ill10-u7-285v-83jq0049vn, 2025-08-17 12:22:31.047719
https://fptshop.com.vn/may-tinh-xach-tay/lenovo-thinkbook-16-g6-irl-i5-13420h-21kh00wcvn, 2025-08-17 12:22:31.627714
https://fptshop.com.vn/may-tinh-xach-tay/lenovo-gaming-legion-5-15irx10-i7-14700hx-83ly004jvn, 2025-08-17 12:22:31.728091
https://fptshop.com.vn/may-tinh-xach-tay/lenovo-yoga-pro-7-14imh9-ultra-7-155h-83e2005dvn, 2025-08-17 12:22:31.795326
https://fptshop.com.vn/may-tinh-xach-tay/lenovo-thinkbook-14-gen-8-irl-core-5-210h-21sg007svn, 2025-08-17 12:22:31.882587
https://fptshop.com.vn/may-tinh-xach-tay/asus-vivobook-s-16-oled-s5606ca-ri114ws, 2025-08-17 12:27:05.386796
https://fptshop.com.vn/may-tinh-xach-tay/acer-aspire-14-ai-a14-11m-x8fp-x1-26100-8c, 2025-08-17 12:27:20.432440
https://fptshop.com.vn/may-tinh-xach-tay/dell-inspiron-n3520-i5-1235u-71045026, 2025-08-17 12:27:44.924276
https://fptshop.com.vn/may-tinh-xach-tay/lenovo-ideapad-slim-3-14irh10-83k00009vn, 2025-08-17 12:28:03.214420
https://fptshop.com.vn/may-tinh-xach-tay/acer-aspire-go-14-ai-ag14-71m-57wr-u5-125h, 2025-08-17 12:28:11.766632
https://fptshop.com.vn/may-tinh-xach-tay/asus-vivobook-gaming-v16-v3607vh-rp024w-core-5-210h, 2025-08-17 12:57:31.776386
https://fptshop.com.vn/may-tinh-xach-tay/lenovo-ideapad-slim-5-oled-14irh10-83hr0001vn, 2025-08-17 12:58:28.590554
https://fptshop.com.vn/may-tinh-xach-tay/lenovo-ideapad-slim-3-15q8x10-snapx-x1-26-100-83n3002pvn, 2025-08-17 12:58:28.759413
https://fptshop.com.vn/may-tinh-xach-tay/asus-vivobook-s-14-oled-s5406sa-pp059ws, 2025-08-17 12:58:29.084528
https://fptshop.com.vn/may-tinh-xach-tay/dell-inspiron-14-7440-2in1-core5-120u-n4i5006w1, 2025-08-17 12:58:57.090521
https://fptshop.com.vn/may-tinh-xach-tay/asus-vivobook-flip-tp3402va-lz632w, 2025-08-17 13:01:07.781632
