https://www.thegioididong.com/, 2025-08-13 23:18:40.103837
https://www.thegioididong.com/dong-ho-thong-minh-apple-watch-series-10, 2025-08-13 23:18:40.249137
https://www.thegioididong.com/laptop/hp-15-fd0234tu-i5-9q969pa, 2025-08-13 23:18:40.296219
https://www.thegioididong.com/quat-mini, 2025-08-13 23:18:40.330772
https://www.thegioididong.com/thu-cu-doi-moi, 2025-08-13 23:18:40.366614
https://www.thegioididong.com/may-chieu, 2025-08-13 23:18:40.411614
https://www.thegioididong.com/chuong-trinh-le-hoi-realme, 2025-08-13 23:18:40.439088
https://www.thegioididong.com/may-tinh-bang, 2025-08-13 23:18:40.450208
https://www.thegioididong.com/airtag, 2025-08-13 23:18:40.454945
https://www.thegioididong.com/tui-chong-soc, 2025-08-13 23:18:40.473013
https://www.thegioididong.com/usb, 2025-08-13 23:18:40.482117
https://www.thegioididong.com/flycam, 2025-08-13 23:18:40.494183
https://www.thegioididong.com/dtdd/samsung-galaxy-s25-ultra, 2025-08-13 23:18:40.503950
https://www.thegioididong.com/dtdd/vivo-y29-8gb-256gb, 2025-08-13 23:18:40.534200
https://www.thegioididong.com/dtdd/iphone-15-plus, 2025-08-13 23:18:40.544661
https://www.thegioididong.com/may-tinh-bang/samsung-galaxy-tab-s9, 2025-08-13 23:18:40.556264
https://www.thegioididong.com/dtdd-apple-iphone-14-series, 2025-08-13 23:18:40.575611
https://www.thegioididong.com/may-tinh-bang/lenovo-tab-m11-4g, 2025-08-13 23:18:40.591052
https://www.thegioididong.com/dong-ho-thong-minh-apple-watch-ultra-2, 2025-08-13 23:18:40.601804
https://www.thegioididong.com/dtdd, 2025-08-13 23:18:40.614149
https://www.thegioididong.com/dong-ho-deo-tay/mvw-star-mla004-02n-nam, 2025-08-13 23:18:40.628151
https://www.thegioididong.com/gay-tu-suong, 2025-08-13 23:18:40.632211
https://www.thegioididong.com/khuyen-mai-laptop-gaming, 2025-08-13 23:18:40.639257
https://www.thegioididong.com/camera-giam-sat-camera-ngoai-troi, 2025-08-13 23:18:40.662247
https://www.thegioididong.com/phu-kien/xmobile, 2025-08-13 23:18:40.697964
https://www.thegioididong.com/tui-dung-airpods, 2025-08-13 23:18:40.704112
https://www.thegioididong.com/tai-nghe-apple-airpods, 2025-08-13 23:18:40.714609
https://www.thegioididong.com/dong-ho-thong-minh/xiaomi-redmi-watch-5, 2025-08-13 23:18:40.742270
https://www.thegioididong.com/dtdd-apple-iphone-15-series, 2025-08-13 23:18:40.756488
https://www.thegioididong.com/op-lung-flipcover, 2025-08-13 23:18:40.774543
https://www.thegioididong.com/chuong-trinh-thu-mua-may-cu, 2025-08-13 23:18:40.777906
https://www.thegioididong.com/sac-cap, 2025-08-13 23:18:40.823874
https://www.thegioididong.com/may-tinh-de-ban, 2025-08-13 23:18:40.830671
https://www.thegioididong.com/camera-giam-sat/camera-ip-360-do-3mp-imou-ranger-rc-gk2cp-3c0wr, 2025-08-13 23:18:40.839218
https://www.thegioididong.com/chuot-may-tinh-logitech, 2025-08-13 23:18:40.846319
https://www.thegioididong.com/flashsale, 2025-08-13 23:18:40.862686
https://www.thegioididong.com/loa-laptop-marshall, 2025-08-13 23:18:40.907252
https://www.thegioididong.com/may-choi-game-cam-tay, 2025-08-13 23:18:40.914444
https://www.thegioididong.com/op-lung-may-tinh-bang, 2025-08-13 23:18:41.484397
https://www.thegioididong.com/laptop-apple-macbook-air-m4-series, 2025-08-13 23:18:42.559374
